file_name,pop,count
ba201028.015,root,22290
ba201028.015,Bacteria,9911
ba201028.015,HNA_Bacteria,4749
ba201028.015,LNA_Bacteria,5162
ba201028.015,Viruses,9417
ba201028.015,V1,0
ba201028.015,V2,6085
ba201028.015,V3,2666
BA210506.102,root,30
BA210506.102,Bacteria,4
BA210506.102,HNA_Bacteria,1
BA210506.102,LNA_Bacteria,3
BA210506.102,Viruses,7
BA210506.102,V1,0
BA210506.102,V2,6
BA210506.102,V3,1
BA210506.103,root,15
BA210506.103,Bacteria,2
BA210506.103,HNA_Bacteria,0
BA210506.103,LNA_Bacteria,2
BA210506.103,Viruses,1
BA210506.103,V1,0
BA210506.103,V2,1
BA210506.103,V3,0
BA210506.104,root,15
BA210506.104,Bacteria,3
BA210506.104,HNA_Bacteria,0
BA210506.104,LNA_Bacteria,3
BA210506.104,Viruses,2
BA210506.104,V1,0
BA210506.104,V2,2
BA210506.104,V3,0
BA210506.105,root,15
BA210506.105,Bacteria,3
BA210506.105,HNA_Bacteria,1
BA210506.105,LNA_Bacteria,2
BA210506.105,Viruses,0
BA210506.105,V1,0
BA210506.105,V2,0
BA210506.105,V3,0
BA210506.106,root,19785
BA210506.106,Bacteria,7378
BA210506.106,HNA_Bacteria,4110
BA210506.106,LNA_Bacteria,3268
BA210506.106,Viruses,7667
BA210506.106,V1,0
BA210506.106,V2,4404
BA210506.106,V3,2888
BA210506.107,root,21975
BA210506.107,Bacteria,7805
BA210506.107,HNA_Bacteria,4405
BA210506.107,LNA_Bacteria,3400
BA210506.107,Viruses,7960
BA210506.107,V1,1
BA210506.107,V2,4506
BA210506.107,V3,2969
BA210506.108,root,23010
BA210506.108,Bacteria,8142
BA210506.108,HNA_Bacteria,4446
BA210506.108,LNA_Bacteria,3696
BA210506.108,Viruses,8726
BA210506.108,V1,0
BA210506.108,V2,4950
BA210506.108,V3,3210
BA210506.109,root,22125
BA210506.109,Bacteria,9133
BA210506.109,HNA_Bacteria,5179
BA210506.109,LNA_Bacteria,3954
BA210506.109,Viruses,9614
BA210506.109,V1,0
BA210506.109,V2,5531
BA210506.109,V3,3445
BA210506.110,root,24435
BA210506.110,Bacteria,9654
BA210506.110,HNA_Bacteria,5274
BA210506.110,LNA_Bacteria,4380
BA210506.110,Viruses,9842
BA210506.110,V1,0
BA210506.110,V2,5827
BA210506.110,V3,3398
BA210506.111,root,28470
BA210506.111,Bacteria,9013
BA210506.111,HNA_Bacteria,4659
BA210506.111,LNA_Bacteria,4354
BA210506.111,Viruses,12234
BA210506.111,V1,0
BA210506.111,V2,5997
BA210506.111,V3,4458
BA210506.112,root,30045
BA210506.112,Bacteria,7503
BA210506.112,HNA_Bacteria,3906
BA210506.112,LNA_Bacteria,3597
BA210506.112,Viruses,17081
BA210506.112,V1,0
BA210506.112,V2,10994
BA210506.112,V3,5448
BA210506.113,root,29940
BA210506.113,Bacteria,7557
BA210506.113,HNA_Bacteria,4009
BA210506.113,LNA_Bacteria,3548
BA210506.113,Viruses,17974
BA210506.113,V1,0
BA210506.113,V2,11846
BA210506.113,V3,5561
BA210506.126,root,45
BA210506.126,Bacteria,5
BA210506.126,HNA_Bacteria,0
BA210506.126,LNA_Bacteria,5
BA210506.126,Viruses,4
BA210506.126,V1,0
BA210506.126,V2,4
BA210506.126,V3,0
BA210506.127,root,15
BA210506.127,Bacteria,4
BA210506.127,HNA_Bacteria,1
BA210506.127,LNA_Bacteria,3
BA210506.127,Viruses,1
BA210506.127,V1,0
BA210506.127,V2,1
BA210506.127,V3,0
BA210506.129,root,30
BA210506.129,Bacteria,3
BA210506.129,HNA_Bacteria,1
BA210506.129,LNA_Bacteria,2
BA210506.129,Viruses,1
BA210506.129,V1,0
BA210506.129,V2,1
BA210506.129,V3,0
BA210506.130,root,14640
BA210506.130,Bacteria,6437
BA210506.130,HNA_Bacteria,3533
BA210506.130,LNA_Bacteria,2904
BA210506.130,Viruses,6764
BA210506.130,V1,0
BA210506.130,V2,3776
BA210506.130,V3,2804
BA210506.131,root,14955
BA210506.131,Bacteria,6409
BA210506.131,HNA_Bacteria,3505
BA210506.131,LNA_Bacteria,2904
BA210506.131,Viruses,7066
BA210506.131,V1,0
BA210506.131,V2,4011
BA210506.131,V3,2885
BA210506.132,root,14130
BA210506.132,Bacteria,5734
BA210506.132,HNA_Bacteria,2892
BA210506.132,LNA_Bacteria,2842
BA210506.132,Viruses,7285
BA210506.132,V1,0
BA210506.132,V2,4040
BA210506.132,V3,3035
BA210506.133,root,19695
BA210506.133,Bacteria,6152
BA210506.133,HNA_Bacteria,3074
BA210506.133,LNA_Bacteria,3078
BA210506.133,Viruses,11147
BA210506.133,V1,0
BA210506.133,V2,6139
BA210506.133,V3,4568
BA210506.134,root,19005
BA210506.134,Bacteria,5942
BA210506.134,HNA_Bacteria,2979
BA210506.134,LNA_Bacteria,2963
BA210506.134,Viruses,10630
BA210506.134,V1,0
BA210506.134,V2,6077
BA210506.134,V3,4161
BA210506.135,root,32595
BA210506.135,Bacteria,9204
BA210506.135,HNA_Bacteria,5050
BA210506.135,LNA_Bacteria,4154
BA210506.135,Viruses,19195
BA210506.135,V1,0
BA210506.135,V2,12172
BA210506.135,V3,6400
BA210506.136,root,33780
BA210506.136,Bacteria,10146
BA210506.136,HNA_Bacteria,5476
BA210506.136,LNA_Bacteria,4670
BA210506.136,Viruses,18488
BA210506.136,V1,0
BA210506.136,V2,11804
BA210506.136,V3,6044
BA210506.137,root,34155
BA210506.137,Bacteria,9322
BA210506.137,HNA_Bacteria,5009
BA210506.137,LNA_Bacteria,4313
BA210506.137,Viruses,20492
BA210506.137,V1,0
BA210506.137,V2,12560
BA210506.137,V3,7285
BA210506.154,root,15
BA210506.154,Bacteria,1
BA210506.154,HNA_Bacteria,0
BA210506.154,LNA_Bacteria,1
BA210506.154,Viruses,1
BA210506.154,V1,0
BA210506.154,V2,1
BA210506.154,V3,0
BA210506.155,root,33075
BA210506.155,Bacteria,9337
BA210506.155,HNA_Bacteria,4919
BA210506.155,LNA_Bacteria,4418
BA210506.155,Viruses,18951
BA210506.155,V1,0
BA210506.155,V2,11736
BA210506.155,V3,6576
BA210506.156,root,34515
BA210506.156,Bacteria,9597
BA210506.156,HNA_Bacteria,5382
BA210506.156,LNA_Bacteria,4215
BA210506.156,Viruses,20458
BA210506.156,V1,0
BA210506.156,V2,12610
BA210506.156,V3,7155
BA210506.157,root,32700
BA210506.157,Bacteria,10148
BA210506.157,HNA_Bacteria,6032
BA210506.157,LNA_Bacteria,4116
BA210506.157,Viruses,18302
BA210506.157,V1,0
BA210506.157,V2,11214
BA210506.157,V3,6339
BA210506.158,root,21030
BA210506.158,Bacteria,7821
BA210506.158,HNA_Bacteria,4339
BA210506.158,LNA_Bacteria,3482
BA210506.158,Viruses,11436
BA210506.158,V1,0
BA210506.158,V2,6495
BA210506.158,V3,4372
BA210506.159,root,19935
BA210506.159,Bacteria,6727
BA210506.159,HNA_Bacteria,3495
BA210506.159,LNA_Bacteria,3232
BA210506.159,Viruses,11009
BA210506.159,V1,0
BA210506.159,V2,6270
BA210506.159,V3,4211
BA210506.160,root,21780
BA210506.160,Bacteria,8096
BA210506.160,HNA_Bacteria,4673
BA210506.160,LNA_Bacteria,3423
BA210506.160,Viruses,11743
BA210506.160,V1,0
BA210506.160,V2,6701
BA210506.160,V3,4467
BA210506.161,root,19335
BA210506.161,Bacteria,6712
BA210506.161,HNA_Bacteria,3556
BA210506.161,LNA_Bacteria,3156
BA210506.161,Viruses,11345
BA210506.161,V1,0
BA210506.161,V2,6542
BA210506.161,V3,4384
BA210506.162,root,18885
BA210506.162,Bacteria,6673
BA210506.162,HNA_Bacteria,3418
BA210506.162,LNA_Bacteria,3255
BA210506.162,Viruses,10686
BA210506.162,V1,0
BA210506.162,V2,6183
BA210506.162,V3,4089
BA210506.163,root,19500
BA210506.163,Bacteria,6701
BA210506.163,HNA_Bacteria,3554
BA210506.163,LNA_Bacteria,3147
BA210506.163,Viruses,10928
BA210506.163,V1,0
BA210506.163,V2,6194
BA210506.163,V3,4327
BA210507.001,root,225
BA210507.001,Bacteria,15
BA210507.001,HNA_Bacteria,7
BA210507.001,LNA_Bacteria,8
BA210507.001,Viruses,13
BA210507.001,V1,0
BA210507.001,V2,7
BA210507.001,V3,5
BA210507.002,root,135
BA210507.002,Bacteria,6
BA210507.002,HNA_Bacteria,0
BA210507.002,LNA_Bacteria,6
BA210507.002,Viruses,1
BA210507.002,V1,0
BA210507.002,V2,0
BA210507.002,V3,0
BA210507.003,root,75
BA210507.003,Bacteria,5
BA210507.003,HNA_Bacteria,0
BA210507.003,LNA_Bacteria,5
BA210507.003,Viruses,2
BA210507.003,V1,0
BA210507.003,V2,1
BA210507.003,V3,0
BA210507.004,root,30
BA210507.004,Bacteria,3
BA210507.004,HNA_Bacteria,0
BA210507.004,LNA_Bacteria,3
BA210507.004,Viruses,0
BA210507.004,V1,0
BA210507.004,V2,0
BA210507.004,V3,0
BA210507.005,root,20535
BA210507.005,Bacteria,3505
BA210507.005,HNA_Bacteria,1865
BA210507.005,LNA_Bacteria,1640
BA210507.005,Viruses,15949
BA210507.005,V1,0
BA210507.005,V2,9090
BA210507.005,V3,6656
BA210507.006,root,20880
BA210507.006,Bacteria,3522
BA210507.006,HNA_Bacteria,1898
BA210507.006,LNA_Bacteria,1624
BA210507.006,Viruses,16357
BA210507.006,V1,0
BA210507.006,V2,9323
BA210507.006,V3,6890
BA210507.007,root,15210
BA210507.007,Bacteria,2823
BA210507.007,HNA_Bacteria,1523
BA210507.007,LNA_Bacteria,1300
BA210507.007,Viruses,11468
BA210507.007,V1,0
BA210507.007,V2,6634
BA210507.007,V3,4649
BA210507.008,root,29520
BA210507.008,Bacteria,4787
BA210507.008,HNA_Bacteria,2977
BA210507.008,LNA_Bacteria,1810
BA210507.008,Viruses,23662
BA210507.008,V1,0
BA210507.008,V2,12467
BA210507.008,V3,10691
BA210507.009,root,29745
BA210507.009,Bacteria,4808
BA210507.009,HNA_Bacteria,2930
BA210507.009,LNA_Bacteria,1878
BA210507.009,Viruses,23591
BA210507.009,V1,0
BA210507.009,V2,12464
BA210507.009,V3,10585
BA210507.010,root,29475
BA210507.010,Bacteria,4852
BA210507.010,HNA_Bacteria,2979
BA210507.010,LNA_Bacteria,1873
BA210507.010,Viruses,23437
BA210507.010,V1,0
BA210507.010,V2,12513
BA210507.010,V3,10452
BA210507.011,root,28665
BA210507.011,Bacteria,4775
BA210507.011,HNA_Bacteria,2799
BA210507.011,LNA_Bacteria,1975
BA210507.011,Viruses,22717
BA210507.011,V1,0
BA210507.011,V2,12194
BA210507.011,V3,9994
BA210507.012,root,90
BA210507.012,Bacteria,4
BA210507.012,HNA_Bacteria,3
BA210507.012,LNA_Bacteria,1
BA210507.012,Viruses,3
BA210507.012,V1,0
BA210507.012,V2,2
BA210507.012,V3,1
BA210507.013,root,30
BA210507.013,Bacteria,4
BA210507.013,HNA_Bacteria,1
BA210507.013,LNA_Bacteria,3
BA210507.013,Viruses,0
BA210507.013,V1,0
BA210507.013,V2,0
BA210507.013,V3,0
BA210507.014,root,15
BA210507.014,Bacteria,2
BA210507.014,HNA_Bacteria,1
BA210507.014,LNA_Bacteria,1
BA210507.014,Viruses,0
BA210507.014,V1,0
BA210507.014,V2,0
BA210507.014,V3,0
BA210507.015,root,30
BA210507.015,Bacteria,3
BA210507.015,HNA_Bacteria,1
BA210507.015,LNA_Bacteria,2
BA210507.015,Viruses,0
BA210507.015,V1,0
BA210507.015,V2,0
BA210507.015,V3,0
BA210507.016,root,16365
BA210507.016,Bacteria,2926
BA210507.016,HNA_Bacteria,1738
BA210507.016,LNA_Bacteria,1188
BA210507.016,Viruses,12639
BA210507.016,V1,0
BA210507.016,V2,8022
BA210507.016,V3,4460
BA210507.017,root,16920
BA210507.017,Bacteria,2875
BA210507.017,HNA_Bacteria,1685
BA210507.017,LNA_Bacteria,1190
BA210507.017,Viruses,13077
BA210507.017,V1,0
BA210507.017,V2,7936
BA210507.017,V3,4924
BA210507.018,root,15840
BA210507.018,Bacteria,3150
BA210507.018,HNA_Bacteria,1793
BA210507.018,LNA_Bacteria,1357
BA210507.018,Viruses,11921
BA210507.018,V1,0
BA210507.018,V2,7314
BA210507.018,V3,4447
BA210507.019,root,17370
BA210507.019,Bacteria,3511
BA210507.019,HNA_Bacteria,2364
BA210507.019,LNA_Bacteria,1147
BA210507.019,Viruses,12750
BA210507.019,V1,0
BA210507.019,V2,7940
BA210507.019,V3,4578
BA210507.020,root,15375
BA210507.020,Bacteria,2562
BA210507.020,HNA_Bacteria,1463
BA210507.020,LNA_Bacteria,1099
BA210507.020,Viruses,11995
BA210507.020,V1,0
BA210507.020,V2,6864
BA210507.020,V3,4979
BA210507.021,root,15060
BA210507.021,Bacteria,2550
BA210507.021,HNA_Bacteria,1383
BA210507.021,LNA_Bacteria,1166
BA210507.021,Viruses,11719
BA210507.021,V1,0
BA210507.021,V2,6869
BA210507.021,V3,4675
BA210507.022,root,26085
BA210507.022,Bacteria,6327
BA210507.022,HNA_Bacteria,3699
BA210507.022,LNA_Bacteria,2628
BA210507.022,Viruses,17738
BA210507.022,V1,0
BA210507.022,V2,10984
BA210507.022,V3,6417
BA210507.023,root,28305
BA210507.023,Bacteria,6665
BA210507.023,HNA_Bacteria,3976
BA210507.023,LNA_Bacteria,2689
BA210507.023,Viruses,19661
BA210507.023,V1,0
BA210507.023,V2,12018
BA210507.023,V3,7283
BA210507.024,root,23940
BA210507.024,Bacteria,5853
BA210507.024,HNA_Bacteria,3387
BA210507.024,LNA_Bacteria,2466
BA210507.024,Viruses,16726
BA210507.024,V1,0
BA210507.024,V2,10348
BA210507.024,V3,6125
BA210507.025,root,90
BA210507.025,Bacteria,16
BA210507.025,HNA_Bacteria,6
BA210507.025,LNA_Bacteria,10
BA210507.025,Viruses,16
BA210507.025,V1,0
BA210507.025,V2,11
BA210507.025,V3,5
BA210507.026,root,60
BA210507.026,Bacteria,9
BA210507.026,HNA_Bacteria,1
BA210507.026,LNA_Bacteria,8
BA210507.026,Viruses,2
BA210507.026,V1,0
BA210507.026,V2,1
BA210507.026,V3,1
BA210507.027,root,60
BA210507.027,Bacteria,11
BA210507.027,HNA_Bacteria,3
BA210507.027,LNA_Bacteria,8
BA210507.027,Viruses,2
BA210507.027,V1,0
BA210507.027,V2,1
BA210507.027,V3,1
BA210507.028,root,120
BA210507.028,Bacteria,19
BA210507.028,HNA_Bacteria,5
BA210507.028,LNA_Bacteria,14
BA210507.028,Viruses,1
BA210507.028,V1,0
BA210507.028,V2,0
BA210507.028,V3,1
BA210507.029,root,16635
BA210507.029,Bacteria,4278
BA210507.029,HNA_Bacteria,2444
BA210507.029,LNA_Bacteria,1833
BA210507.029,Viruses,10250
BA210507.029,V1,0
BA210507.029,V2,5836
BA210507.029,V3,4014
BA210507.030,root,12255
BA210507.030,Bacteria,5334
BA210507.030,HNA_Bacteria,3693
BA210507.030,LNA_Bacteria,1641
BA210507.030,Viruses,6162
BA210507.030,V1,0
BA210507.030,V2,3875
BA210507.030,V3,2202
BA210507.031,root,12270
BA210507.031,Bacteria,5405
BA210507.031,HNA_Bacteria,3752
BA210507.031,LNA_Bacteria,1653
BA210507.031,Viruses,6043
BA210507.031,V1,0
BA210507.031,V2,3758
BA210507.031,V3,2169
BA210507.032,root,12315
BA210507.032,Bacteria,5345
BA210507.032,HNA_Bacteria,3736
BA210507.032,LNA_Bacteria,1609
BA210507.032,Viruses,6035
BA210507.032,V1,0
BA210507.032,V2,3730
BA210507.032,V3,2203
BA210507.062,root,15
BA210507.062,Bacteria,3
BA210507.062,HNA_Bacteria,1
BA210507.062,LNA_Bacteria,2
BA210507.062,Viruses,0
BA210507.062,V1,0
BA210507.062,V2,0
BA210507.062,V3,0
BA210507.063,root,150
BA210507.063,Bacteria,38
BA210507.063,HNA_Bacteria,31
BA210507.063,LNA_Bacteria,7
BA210507.063,Viruses,1
BA210507.063,V1,0
BA210507.063,V2,0
BA210507.063,V3,1
BA210507.064,root,15
BA210507.064,Bacteria,2
BA210507.064,HNA_Bacteria,0
BA210507.064,LNA_Bacteria,2
BA210507.064,Viruses,1
BA210507.064,V1,0
BA210507.064,V2,1
BA210507.064,V3,0
BA210507.065,root,30
BA210507.065,Bacteria,5
BA210507.065,HNA_Bacteria,1
BA210507.065,LNA_Bacteria,4
BA210507.065,Viruses,3
BA210507.065,V1,0
BA210507.065,V2,2
BA210507.065,V3,1
BA210507.066,root,31320
BA210507.066,Bacteria,6994
BA210507.066,HNA_Bacteria,4036
BA210507.066,LNA_Bacteria,2958
BA210507.066,Viruses,19979
BA210507.066,V1,0
BA210507.066,V2,12110
BA210507.066,V3,7339
BA210507.067,root,36255
BA210507.067,Bacteria,6541
BA210507.067,HNA_Bacteria,4126
BA210507.067,LNA_Bacteria,2415
BA210507.067,Viruses,25081
BA210507.067,V1,0
BA210507.067,V2,14760
BA210507.067,V3,9798
BA210507.068,root,39315
BA210507.068,Bacteria,13492
BA210507.068,HNA_Bacteria,7571
BA210507.068,LNA_Bacteria,5920
BA210507.068,Viruses,18176
BA210507.068,V1,0
BA210507.068,V2,10321
BA210507.068,V3,6884
BA210507.069,root,21570
BA210507.069,Bacteria,6677
BA210507.069,HNA_Bacteria,3594
BA210507.069,LNA_Bacteria,3082
BA210507.069,Viruses,11190
BA210507.069,V1,0
BA210507.069,V2,6739
BA210507.069,V3,4011
BA210507.070,root,27240
BA210507.070,Bacteria,9519
BA210507.070,HNA_Bacteria,4721
BA210507.070,LNA_Bacteria,4798
BA210507.070,Viruses,13307
BA210507.070,V1,0
BA210507.070,V2,7968
BA210507.070,V3,4887
BA210507.071,root,22095
BA210507.071,Bacteria,7286
BA210507.071,HNA_Bacteria,3719
BA210507.071,LNA_Bacteria,3567
BA210507.071,Viruses,10405
BA210507.071,V1,0
BA210507.071,V2,6122
BA210507.071,V3,3747
VI210506.090,root,1260
VI210506.090,Bacteria,14
VI210506.090,HNA_Bacteria,7
VI210506.090,LNA_Bacteria,7
VI210506.090,Viruses,986
VI210506.090,V1,974
VI210506.090,V2,3
VI210506.090,V3,0
VI210506.091,root,1035
VI210506.091,Bacteria,5
VI210506.091,HNA_Bacteria,2
VI210506.091,LNA_Bacteria,3
VI210506.091,Viruses,891
VI210506.091,V1,879
VI210506.091,V2,2
VI210506.091,V3,0
VI210506.092,root,1170
VI210506.092,Bacteria,4
VI210506.092,HNA_Bacteria,1
VI210506.092,LNA_Bacteria,3
VI210506.092,Viruses,840
VI210506.092,V1,829
VI210506.092,V2,1
VI210506.092,V3,0
VI210506.093,root,1020
VI210506.093,Bacteria,6
VI210506.093,HNA_Bacteria,2
VI210506.093,LNA_Bacteria,4
VI210506.093,Viruses,843
VI210506.093,V1,834
VI210506.093,V2,1
VI210506.093,V3,0
VI210506.094,root,19545
VI210506.094,Bacteria,793
VI210506.094,HNA_Bacteria,544
VI210506.094,LNA_Bacteria,249
VI210506.094,Viruses,17410
VI210506.094,V1,13084
VI210506.094,V2,3788
VI210506.094,V3,449
VI210506.095,root,22725
VI210506.095,Bacteria,774
VI210506.095,HNA_Bacteria,541
VI210506.095,LNA_Bacteria,233
VI210506.095,Viruses,20165
VI210506.095,V1,15463
VI210506.095,V2,3740
VI210506.095,V3,452
VI210506.096,root,26250
VI210506.096,Bacteria,812
VI210506.096,HNA_Bacteria,556
VI210506.096,LNA_Bacteria,256
VI210506.096,Viruses,23576
VI210506.096,V1,18925
VI210506.096,V2,3682
VI210506.096,V3,472
VI210506.097,root,20745
VI210506.097,Bacteria,896
VI210506.097,HNA_Bacteria,660
VI210506.097,LNA_Bacteria,236
VI210506.097,Viruses,18990
VI210506.097,V1,14212
VI210506.097,V2,4202
VI210506.097,V3,571
VI210506.098,root,30510
VI210506.098,Bacteria,924
VI210506.098,HNA_Bacteria,645
VI210506.098,LNA_Bacteria,279
VI210506.098,Viruses,28413
VI210506.098,V1,23552
VI210506.098,V2,4207
VI210506.098,V3,516
VI210506.099,root,26685
VI210506.099,Bacteria,930
VI210506.099,HNA_Bacteria,604
VI210506.099,LNA_Bacteria,326
VI210506.099,Viruses,24126
VI210506.099,V1,18800
VI210506.099,V2,4601
VI210506.099,V3,619
VI210506.100,root,37020
VI210506.100,Bacteria,731
VI210506.100,HNA_Bacteria,428
VI210506.100,LNA_Bacteria,303
VI210506.100,Viruses,34742
VI210506.100,V1,25977
VI210506.100,V2,8390
VI210506.100,V3,467
VI210506.101,root,36075
VI210506.101,Bacteria,729
VI210506.101,HNA_Bacteria,443
VI210506.101,LNA_Bacteria,286
VI210506.101,Viruses,34240
VI210506.101,V1,25615
VI210506.101,V2,8327
VI210506.101,V3,476
VI210506.114,root,1410
VI210506.114,Bacteria,5
VI210506.114,HNA_Bacteria,2
VI210506.114,LNA_Bacteria,3
VI210506.114,Viruses,1088
VI210506.114,V1,1028
VI210506.114,V2,21
VI210506.114,V3,1
VI210506.115,root,1545
VI210506.115,Bacteria,9
VI210506.115,HNA_Bacteria,1
VI210506.115,LNA_Bacteria,8
VI210506.115,Viruses,1237
VI210506.115,V1,1193
VI210506.115,V2,27
VI210506.115,V3,3
VI210506.116,root,1335
VI210506.116,Bacteria,4
VI210506.116,HNA_Bacteria,2
VI210506.116,LNA_Bacteria,2
VI210506.116,Viruses,1065
VI210506.116,V1,1044
VI210506.116,V2,9
VI210506.116,V3,0
VI210506.117,root,1125
VI210506.117,Bacteria,4
VI210506.117,HNA_Bacteria,0
VI210506.117,LNA_Bacteria,4
VI210506.117,Viruses,973
VI210506.117,V1,960
VI210506.117,V2,9
VI210506.117,V3,1
VI210506.118,root,13200
VI210506.118,Bacteria,643
VI210506.118,HNA_Bacteria,421
VI210506.118,LNA_Bacteria,222
VI210506.118,Viruses,12019
VI210506.118,V1,8355
VI210506.118,V2,3363
VI210506.118,V3,336
VI210506.119,root,12630
VI210506.119,Bacteria,645
VI210506.119,HNA_Bacteria,413
VI210506.119,LNA_Bacteria,232
VI210506.119,Viruses,11466
VI210506.119,V1,7856
VI210506.119,V2,3304
VI210506.119,V3,343
VI210506.120,root,12375
VI210506.120,Bacteria,626
VI210506.120,HNA_Bacteria,395
VI210506.120,LNA_Bacteria,231
VI210506.120,Viruses,11318
VI210506.120,V1,7781
VI210506.120,V2,3257
VI210506.120,V3,340
VI210506.121,root,17325
VI210506.121,Bacteria,616
VI210506.121,HNA_Bacteria,368
VI210506.121,LNA_Bacteria,248
VI210506.121,Viruses,15906
VI210506.121,V1,11041
VI210506.121,V2,4409
VI210506.121,V3,480
VI210506.122,root,16305
VI210506.122,Bacteria,607
VI210506.122,HNA_Bacteria,371
VI210506.122,LNA_Bacteria,236
VI210506.122,Viruses,14893
VI210506.122,V1,10229
VI210506.122,V2,4278
VI210506.122,V3,414
VI210506.123,root,34665
VI210506.123,Bacteria,917
VI210506.123,HNA_Bacteria,572
VI210506.123,LNA_Bacteria,345
VI210506.123,Viruses,32439
VI210506.123,V1,23037
VI210506.123,V2,8923
VI210506.123,V3,705
VI210506.124,root,35490
VI210506.124,Bacteria,990
VI210506.124,HNA_Bacteria,632
VI210506.124,LNA_Bacteria,358
VI210506.124,Viruses,32951
VI210506.124,V1,23773
VI210506.124,V2,8704
VI210506.124,V3,683
VI210506.125,root,33585
VI210506.125,Bacteria,869
VI210506.125,HNA_Bacteria,549
VI210506.125,LNA_Bacteria,320
VI210506.125,Viruses,31486
VI210506.125,V1,22695
VI210506.125,V2,8359
VI210506.125,V3,634
VI210506.138,root,4020
VI210506.138,Bacteria,20
VI210506.138,HNA_Bacteria,8
VI210506.138,LNA_Bacteria,12
VI210506.138,Viruses,3798
VI210506.138,V1,1820
VI210506.138,V2,1941
VI210506.138,V3,74
VI210506.139,root,1860
VI210506.139,Bacteria,5
VI210506.139,HNA_Bacteria,0
VI210506.139,LNA_Bacteria,5
VI210506.139,Viruses,1652
VI210506.139,V1,1341
VI210506.139,V2,277
VI210506.139,V3,20
VI210506.140,root,1740
VI210506.140,Bacteria,2
VI210506.140,HNA_Bacteria,0
VI210506.140,LNA_Bacteria,2
VI210506.140,Viruses,1549
VI210506.140,V1,1216
VI210506.140,V2,296
VI210506.140,V3,22
VI210506.141,root,1380
VI210506.141,Bacteria,2
VI210506.141,HNA_Bacteria,1
VI210506.141,LNA_Bacteria,1
VI210506.141,Viruses,1219
VI210506.141,V1,1119
VI210506.141,V2,74
VI210506.141,V3,11
VI210506.142,root,34800
VI210506.142,Bacteria,899
VI210506.142,HNA_Bacteria,558
VI210506.142,LNA_Bacteria,341
VI210506.142,Viruses,32488
VI210506.142,V1,24145
VI210506.142,V2,7875
VI210506.142,V3,592
VI210506.143,root,36735
VI210506.143,Bacteria,1014
VI210506.143,HNA_Bacteria,676
VI210506.143,LNA_Bacteria,337
VI210506.143,Viruses,34411
VI210506.143,V1,25594
VI210506.143,V2,8268
VI210506.143,V3,697
VI210506.144,root,38595
VI210506.144,Bacteria,1094
VI210506.144,HNA_Bacteria,751
VI210506.144,LNA_Bacteria,343
VI210506.144,Viruses,36169
VI210506.144,V1,27287
VI210506.144,V2,8211
VI210506.144,V3,738
VI210506.145,root,23565
VI210506.145,Bacteria,795
VI210506.145,HNA_Bacteria,569
VI210506.145,LNA_Bacteria,226
VI210506.145,Viruses,22101
VI210506.145,V1,17285
VI210506.145,V2,4266
VI210506.145,V3,536
VI210506.146,root,24540
VI210506.146,Bacteria,644
VI210506.146,HNA_Bacteria,406
VI210506.146,LNA_Bacteria,238
VI210506.146,Viruses,23165
VI210506.146,V1,18465
VI210506.146,V2,4164
VI210506.146,V3,455
VI210506.147,root,25080
VI210506.147,Bacteria,732
VI210506.147,HNA_Bacteria,516
VI210506.147,LNA_Bacteria,216
VI210506.147,Viruses,23738
VI210506.147,V1,18912
VI210506.147,V2,4330
VI210506.147,V3,467
VI210506.148,root,16920
VI210506.148,Bacteria,656
VI210506.148,HNA_Bacteria,410
VI210506.148,LNA_Bacteria,245
VI210506.148,Viruses,15776
VI210506.148,V1,11333
VI210506.148,V2,4083
VI210506.148,V3,425
VI210506.149,root,18870
VI210506.149,Bacteria,628
VI210506.149,HNA_Bacteria,409
VI210506.149,LNA_Bacteria,219
VI210506.149,Viruses,17693
VI210506.149,V1,13171
VI210506.149,V2,4083
VI210506.149,V3,472
VI210506.150,root,18075
VI210506.150,Bacteria,612
VI210506.150,HNA_Bacteria,376
VI210506.150,LNA_Bacteria,236
VI210506.150,Viruses,16814
VI210506.150,V1,12390
VI210506.150,V2,3974
VI210506.150,V3,468
VI210507.001,root,18435
VI210507.001,Bacteria,32
VI210507.001,HNA_Bacteria,9
VI210507.001,LNA_Bacteria,23
VI210507.001,Viruses,2305
VI210507.001,V1,2011
VI210507.001,V2,5
VI210507.001,V3,0
VI210507.002,root,1920
VI210507.002,Bacteria,7
VI210507.002,HNA_Bacteria,4
VI210507.002,LNA_Bacteria,3
VI210507.002,Viruses,1610
VI210507.002,V1,1600
VI210507.002,V2,2
VI210507.002,V3,0
VI210507.003,root,2925
VI210507.003,Bacteria,3
VI210507.003,HNA_Bacteria,0
VI210507.003,LNA_Bacteria,3
VI210507.003,Viruses,1725
VI210507.003,V1,1718
VI210507.003,V2,1
VI210507.003,V3,0
VI210507.004,root,2160
VI210507.004,Bacteria,5
VI210507.004,HNA_Bacteria,1
VI210507.004,LNA_Bacteria,4
VI210507.004,Viruses,1631
VI210507.004,V1,1622
VI210507.004,V2,1
VI210507.004,V3,0
VI210507.005,root,2025
VI210507.005,Bacteria,4
VI210507.005,HNA_Bacteria,1
VI210507.005,LNA_Bacteria,3
VI210507.005,Viruses,1577
VI210507.005,V1,1563
VI210507.005,V2,5
VI210507.005,V3,0
VI210507.006,root,2010
VI210507.006,Bacteria,3
VI210507.006,HNA_Bacteria,1
VI210507.006,LNA_Bacteria,2
VI210507.006,Viruses,1580
VI210507.006,V1,1567
VI210507.006,V2,5
VI210507.006,V3,0
VI210507.007,root,4080
VI210507.007,Bacteria,10
VI210507.007,HNA_Bacteria,4
VI210507.007,LNA_Bacteria,6
VI210507.007,Viruses,1481
VI210507.007,V1,1441
VI210507.007,V2,2
VI210507.007,V3,1
VI210507.008,root,1455
VI210507.008,Bacteria,5
VI210507.008,HNA_Bacteria,2
VI210507.008,LNA_Bacteria,3
VI210507.008,Viruses,1241
VI210507.008,V1,1231
VI210507.008,V2,1
VI210507.008,V3,0
VI210507.009,root,16650
VI210507.009,Bacteria,362
VI210507.009,HNA_Bacteria,300
VI210507.009,LNA_Bacteria,62
VI210507.009,Viruses,15864
VI210507.009,V1,10969
VI210507.009,V2,4212
VI210507.009,V3,757
VI210507.010,root,16980
VI210507.010,Bacteria,387
VI210507.010,HNA_Bacteria,312
VI210507.010,LNA_Bacteria,75
VI210507.010,Viruses,15720
VI210507.010,V1,10901
VI210507.010,V2,4158
VI210507.010,V3,751
VI210507.011,root,12030
VI210507.011,Bacteria,261
VI210507.011,HNA_Bacteria,200
VI210507.011,LNA_Bacteria,61
VI210507.011,Viruses,11361
VI210507.011,V1,7991
VI210507.011,V2,2871
VI210507.011,V3,535
VI210507.012,root,24015
VI210507.012,Bacteria,461
VI210507.012,HNA_Bacteria,399
VI210507.012,LNA_Bacteria,62
VI210507.012,Viruses,23125
VI210507.012,V1,16221
VI210507.012,V2,5729
VI210507.012,V3,1303
VI210507.013,root,37635
VI210507.013,Bacteria,482
VI210507.013,HNA_Bacteria,415
VI210507.013,LNA_Bacteria,67
VI210507.013,Viruses,36657
VI210507.013,V1,29628
VI210507.013,V2,5845
VI210507.013,V3,1304
VI210507.014,root,25245
VI210507.014,Bacteria,471
VI210507.014,HNA_Bacteria,406
VI210507.014,LNA_Bacteria,65
VI210507.014,Viruses,23462
VI210507.014,V1,16471
VI210507.014,V2,5726
VI210507.014,V3,1408
VI210507.015,root,24045
VI210507.015,Bacteria,468
VI210507.015,HNA_Bacteria,415
VI210507.015,LNA_Bacteria,53
VI210507.015,Viruses,23073
VI210507.015,V1,15970
VI210507.015,V2,5864
VI210507.015,V3,1357
VI210507.016,root,37140
VI210507.016,Bacteria,484
VI210507.016,HNA_Bacteria,408
VI210507.016,LNA_Bacteria,76
VI210507.016,Viruses,36241
VI210507.016,V1,29326
VI210507.016,V2,5750
VI210507.016,V3,1285
VI210507.017,root,2355
VI210507.017,Bacteria,15
VI210507.017,HNA_Bacteria,6
VI210507.017,LNA_Bacteria,9
VI210507.017,Viruses,1780
VI210507.017,V1,1646
VI210507.017,V2,117
VI210507.017,V3,5
VI210507.018,root,2595
VI210507.018,Bacteria,11
VI210507.018,HNA_Bacteria,2
VI210507.018,LNA_Bacteria,9
VI210507.018,Viruses,1428
VI210507.018,V1,1393
VI210507.018,V2,29
VI210507.018,V3,3
VI210507.019,root,1770
VI210507.019,Bacteria,3
VI210507.019,HNA_Bacteria,1
VI210507.019,LNA_Bacteria,2
VI210507.019,Viruses,1375
VI210507.019,V1,1343
VI210507.019,V2,24
VI210507.019,V3,0
VI210507.020,root,1665
VI210507.020,Bacteria,3
VI210507.020,HNA_Bacteria,0
VI210507.020,LNA_Bacteria,3
VI210507.020,Viruses,1356
VI210507.020,V1,1323
VI210507.020,V2,22
VI210507.020,V3,3
VI210507.021,root,1710
VI210507.021,Bacteria,6
VI210507.021,HNA_Bacteria,2
VI210507.021,LNA_Bacteria,4
VI210507.021,Viruses,1354
VI210507.021,V1,1331
VI210507.021,V2,13
VI210507.021,V3,0
VI210507.022,root,2625
VI210507.022,Bacteria,9
VI210507.022,HNA_Bacteria,1
VI210507.022,LNA_Bacteria,8
VI210507.022,Viruses,1348
VI210507.022,V1,1329
VI210507.022,V2,12
VI210507.022,V3,0
VI210507.023,root,1935
VI210507.023,Bacteria,8
VI210507.023,HNA_Bacteria,0
VI210507.023,LNA_Bacteria,8
VI210507.023,Viruses,1265
VI210507.023,V1,1252
VI210507.023,V2,8
VI210507.023,V3,1
VI210507.024,root,2430
VI210507.024,Bacteria,7
VI210507.024,HNA_Bacteria,0
VI210507.024,LNA_Bacteria,7
VI210507.024,Viruses,1203
VI210507.024,V1,1183
VI210507.024,V2,10
VI210507.024,V3,0
VI210507.025,root,17130
VI210507.025,Bacteria,296
VI210507.025,HNA_Bacteria,240
VI210507.025,LNA_Bacteria,56
VI210507.025,Viruses,16111
VI210507.025,V1,11608
VI210507.025,V2,4041
VI210507.025,V3,571
VI210507.026,root,16755
VI210507.026,Bacteria,287
VI210507.026,HNA_Bacteria,224
VI210507.026,LNA_Bacteria,63
VI210507.026,Viruses,15917
VI210507.026,V1,11744
VI210507.026,V2,3773
VI210507.026,V3,504
VI210507.027,root,16035
VI210507.027,Bacteria,326
VI210507.027,HNA_Bacteria,255
VI210507.027,LNA_Bacteria,71
VI210507.027,Viruses,14910
VI210507.027,V1,10763
VI210507.027,V2,3688
VI210507.027,V3,538
VI210507.028,root,18495
VI210507.028,Bacteria,313
VI210507.028,HNA_Bacteria,265
VI210507.028,LNA_Bacteria,48
VI210507.028,Viruses,17258
VI210507.028,V1,13036
VI210507.028,V2,3749
VI210507.028,V3,538
VI210507.029,root,15375
VI210507.029,Bacteria,244
VI210507.029,HNA_Bacteria,188
VI210507.029,LNA_Bacteria,56
VI210507.029,Viruses,14784
VI210507.029,V1,11366
VI210507.029,V2,3031
VI210507.029,V3,447
VI210507.030,root,16890
VI210507.030,Bacteria,234
VI210507.030,HNA_Bacteria,187
VI210507.030,LNA_Bacteria,47
VI210507.030,Viruses,15162
VI210507.030,V1,11820
VI210507.030,V2,2985
VI210507.030,V3,425
VI210507.031,root,24540
VI210507.031,Bacteria,671
VI210507.031,HNA_Bacteria,556
VI210507.031,LNA_Bacteria,115
VI210507.031,Viruses,23031
VI210507.031,V1,16852
VI210507.031,V2,5330
VI210507.031,V3,967
VI210507.032,root,23700
VI210507.032,Bacteria,613
VI210507.032,HNA_Bacteria,498
VI210507.032,LNA_Bacteria,115
VI210507.032,Viruses,22334
VI210507.032,V1,16231
VI210507.032,V2,5239
VI210507.032,V3,960
VI210507.033,root,20520
VI210507.033,Bacteria,535
VI210507.033,HNA_Bacteria,448
VI210507.033,LNA_Bacteria,87
VI210507.033,Viruses,19410
VI210507.033,V1,14241
VI210507.033,V2,4537
VI210507.033,V3,739
VI210507.034,root,2295
VI210507.034,Bacteria,19
VI210507.034,HNA_Bacteria,8
VI210507.034,LNA_Bacteria,11
VI210507.034,Viruses,1693
VI210507.034,V1,1580
VI210507.034,V2,80
VI210507.034,V3,9
VI210507.035,root,2475
VI210507.035,Bacteria,12
VI210507.035,HNA_Bacteria,3
VI210507.035,LNA_Bacteria,9
VI210507.035,Viruses,1665
VI210507.035,V1,1532
VI210507.035,V2,121
VI210507.035,V3,4
VI210507.036,root,3120
VI210507.036,Bacteria,15
VI210507.036,HNA_Bacteria,4
VI210507.036,LNA_Bacteria,11
VI210507.036,Viruses,1470
VI210507.036,V1,1382
VI210507.036,V2,70
VI210507.036,V3,5
VI210507.037,root,2505
VI210507.037,Bacteria,19
VI210507.037,HNA_Bacteria,5
VI210507.037,LNA_Bacteria,14
VI210507.037,Viruses,1514
VI210507.037,V1,1420
VI210507.037,V2,78
VI210507.037,V3,6
VI210507.038,root,16800
VI210507.038,Bacteria,465
VI210507.038,HNA_Bacteria,371
VI210507.038,LNA_Bacteria,94
VI210507.038,Viruses,15052
VI210507.038,V1,10758
VI210507.038,V2,3717
VI210507.038,V3,586
VI210507.039,root,11190
VI210507.039,Bacteria,579
VI210507.039,HNA_Bacteria,499
VI210507.039,LNA_Bacteria,80
VI210507.039,Viruses,9903
VI210507.039,V1,7531
VI210507.039,V2,2229
VI210507.039,V3,165
VI210507.040,root,11190
VI210507.040,Bacteria,513
VI210507.040,HNA_Bacteria,425
VI210507.040,LNA_Bacteria,88
VI210507.040,Viruses,9860
VI210507.040,V1,7499
VI210507.040,V2,2208
VI210507.040,V3,189
VI210507.041,root,11325
VI210507.041,Bacteria,569
VI210507.041,HNA_Bacteria,483
VI210507.041,LNA_Bacteria,86
VI210507.041,Viruses,9750
VI210507.041,V1,7457
VI210507.041,V2,2133
VI210507.041,V3,180
VI210507.062,root,1755
VI210507.062,Bacteria,14
VI210507.062,HNA_Bacteria,4
VI210507.062,LNA_Bacteria,10
VI210507.062,Viruses,1292
VI210507.062,V1,1245
VI210507.062,V2,25
VI210507.062,V3,1
VI210507.063,root,2250
VI210507.063,Bacteria,6
VI210507.063,HNA_Bacteria,0
VI210507.063,LNA_Bacteria,6
VI210507.063,Viruses,1306
VI210507.063,V1,1272
VI210507.063,V2,20
VI210507.063,V3,1
VI210507.064,root,1710
VI210507.064,Bacteria,8
VI210507.064,HNA_Bacteria,3
VI210507.064,LNA_Bacteria,5
VI210507.064,Viruses,1273
VI210507.064,V1,1242
VI210507.064,V2,13
VI210507.064,V3,0
VI210507.065,root,2055
VI210507.065,Bacteria,6
VI210507.065,HNA_Bacteria,2
VI210507.065,LNA_Bacteria,4
VI210507.065,Viruses,1293
VI210507.065,V1,1267
VI210507.065,V2,11
VI210507.065,V3,1
VI210507.067,root,17430
VI210507.067,Bacteria,266
VI210507.067,HNA_Bacteria,215
VI210507.067,LNA_Bacteria,51
VI210507.067,Viruses,15918
VI210507.067,V1,12375
VI210507.067,V2,2929
VI210507.067,V3,716
VI210507.068,root,18630
VI210507.068,Bacteria,244
VI210507.068,HNA_Bacteria,192
VI210507.068,LNA_Bacteria,52
VI210507.068,Viruses,17706
VI210507.068,V1,14075
VI210507.068,V2,3045
VI210507.068,V3,713
VI210507.069,root,21255
VI210507.069,Bacteria,499
VI210507.069,HNA_Bacteria,407
VI210507.069,LNA_Bacteria,92
VI210507.069,Viruses,19660
VI210507.069,V1,16596
VI210507.069,V2,2316
VI210507.069,V3,686
VI210507.070,root,13455
VI210507.070,Bacteria,328
VI210507.070,HNA_Bacteria,281
VI210507.070,LNA_Bacteria,47
VI210507.070,Viruses,12329
VI210507.070,V1,10072
VI210507.070,V2,2016
VI210507.070,V3,296
VI210507.071,root,14865
VI210507.071,Bacteria,369
VI210507.071,HNA_Bacteria,298
VI210507.071,LNA_Bacteria,71
VI210507.071,Viruses,13587
VI210507.071,V1,10959
VI210507.071,V2,2244
VI210507.071,V3,454
VI210507.072,root,12945
VI210507.072,Bacteria,280
VI210507.072,HNA_Bacteria,230
VI210507.072,LNA_Bacteria,50
VI210507.072,Viruses,11989
VI210507.072,V1,9700
VI210507.072,V2,2020
VI210507.072,V3,341
vi201028.008,root,25650
vi201028.008,Bacteria,1182
vi201028.008,HNA_Bacteria,875
vi201028.008,LNA_Bacteria,307
vi201028.008,Viruses,23194
vi201028.008,V1,19364
vi201028.008,V2,2793
vi201028.008,V3,969
ba201028.010,root,60
ba201028.010,Bacteria,0
ba201028.010,HNA_Bacteria,0
ba201028.010,LNA_Bacteria,0
ba201028.010,Viruses,2
ba201028.010,V1,0
ba201028.010,V2,2
ba201028.010,V3,0
ba201028.011,root,15
ba201028.011,Bacteria,1
ba201028.011,HNA_Bacteria,0
ba201028.011,LNA_Bacteria,1
ba201028.011,Viruses,1
ba201028.011,V1,0
ba201028.011,V2,0
ba201028.011,V3,1
vi201028.003,root,1650
vi201028.003,Bacteria,6
vi201028.003,HNA_Bacteria,2
vi201028.003,LNA_Bacteria,4
vi201028.003,Viruses,1236
vi201028.003,V1,830
vi201028.003,V2,366
vi201028.003,V3,37
vi201028.004,root,1680
vi201028.004,Bacteria,2
vi201028.004,HNA_Bacteria,0
vi201028.004,LNA_Bacteria,2
vi201028.004,Viruses,1061
vi201028.004,V1,798
vi201028.004,V2,235
vi201028.004,V3,21
vi201028.005,root,885
vi201028.005,Bacteria,0
vi201028.005,HNA_Bacteria,0
vi201028.005,LNA_Bacteria,0
vi201028.005,Viruses,668
vi201028.005,V1,505
vi201028.005,V2,149
vi201028.005,V3,10
